<?xml version="1.0" encoding="UTF-8"?>

<OpenSHA>
  <FaultSectionPrefDataList defModName="GEOLOGIC" faultModName="FM3_1">
    <i0 sectionId="0" aveLongTermSlipRate="0.0" slipRateStdDev="0.0" aveDip="12.050192832946777" aveRake="0.0" aveUpperDepth="36.59041976928711" aveLowerDepth="38.678104400634766" aseismicSlipFactor="0.0" couplingCoeff="1.0" dipDirection="334.4695" parentSectionName="ParentSection 100" parentSectionId="100" connector="false" class="org.opensha.refFaultParamDb.vo.FaultSectionPrefData">
      <FaultTrace name="SubductionTile_3_9">
        <Location Latitude="-43.02716064453125" Longitude="172.05718994140625" Depth="36.59041976928711"/>
        <Location Latitude="-43.065799713134766" Longitude="171.94630432128906" Depth="36.59041976928711"/>
      </FaultTrace>
    </i0>
    <i1 sectionId="1" aveLongTermSlipRate="0.0" slipRateStdDev="0.0" aveDip="18.043806076049805" aveRake="0.0" aveUpperDepth="38.29280090332031" aveLowerDepth="41.39023971557617" aseismicSlipFactor="0.0" couplingCoeff="1.0" dipDirection="334.83795" parentSectionName="ParentSection 100" parentSectionId="100" connector="false" class="org.opensha.refFaultParamDb.vo.FaultSectionPrefData">
      <FaultTrace name="SubductionTile_3_10">
        <Location Latitude="-42.968387603759766" Longitude="171.96728515625" Depth="38.29280090332031"/>
        <Location Latitude="-43.00650405883789" Longitude="171.85617065429688" Depth="38.29280090332031"/>
      </FaultTrace>
    </i1>
    <i2 sectionId="2" aveLongTermSlipRate="0.0" slipRateStdDev="0.0" aveDip="26.976293563842773" aveRake="0.0" aveUpperDepth="41.24617004394531" aveLowerDepth="45.782386779785156" aseismicSlipFactor="0.0" couplingCoeff="1.0" dipDirection="330.05655" parentSectionName="ParentSection 100" parentSectionId="100" connector="false" class="org.opensha.refFaultParamDb.vo.FaultSectionPrefData">
      <FaultTrace name="SubductionTile_3_11">
        <Location Latitude="-42.90546798706055" Longitude="171.8823699951172" Depth="41.24617004394531"/>
        <Location Latitude="-42.95024108886719" Longitude="171.77606201171875" Depth="41.24617004394531"/>
      </FaultTrace>
    </i2>
    <i3 sectionId="3" aveLongTermSlipRate="0.0" slipRateStdDev="0.0" aveDip="14.222450256347656" aveRake="0.0" aveUpperDepth="37.016937255859375" aveLowerDepth="39.47380828857422" aseismicSlipFactor="0.0" couplingCoeff="1.0" dipDirection="330.644" parentSectionName="ParentSection 100" parentSectionId="100" connector="false" class="org.opensha.refFaultParamDb.vo.FaultSectionPrefData">
      <FaultTrace name="SubductionTile_4_9">
        <Location Latitude="-42.96116256713868" Longitude="172.14866638183594" Depth="37.016937255859375"/>
        <Location Latitude="-43.00513458251953" Longitude="172.04164123535156" Depth="37.016937255859375"/>
      </FaultTrace>
    </i3>
    <i4 sectionId="4" aveLongTermSlipRate="0.0" slipRateStdDev="0.0" aveDip="19.425905227661133" aveRake="0.0" aveUpperDepth="39.19738006591797" aveLowerDepth="42.523258209228516" aseismicSlipFactor="0.0" couplingCoeff="1.0" dipDirection="332.99197" parentSectionName="ParentSection 100" parentSectionId="100" connector="false" class="org.opensha.refFaultParamDb.vo.FaultSectionPrefData">
      <FaultTrace name="SubductionTile_4_10">
        <Location Latitude="-42.904991149902344" Longitude="172.05856323242188" Depth="39.19738006591797"/>
        <Location Latitude="-42.94571304321289" Longitude="171.94927978515625" Depth="39.19738006591797"/>
      </FaultTrace>
    </i4>
    <i5 sectionId="5" aveLongTermSlipRate="0.0" slipRateStdDev="0.0" aveDip="27.056962966918945" aveRake="0.0" aveUpperDepth="42.221710205078125" aveLowerDepth="46.770469665527344" aseismicSlipFactor="0.0" couplingCoeff="1.0" dipDirection="329.97943" parentSectionName="ParentSection 100" parentSectionId="100" connector="false" class="org.opensha.refFaultParamDb.vo.FaultSectionPrefData">
      <FaultTrace name="SubductionTile_4_11">
        <Location Latitude="-42.84426498413086" Longitude="171.9730682373047" Depth="42.221710205078125"/>
        <Location Latitude="-42.88914489746094" Longitude="171.86694335937503" Depth="42.221710205078125"/>
      </FaultTrace>
    </i5>
    <i6 sectionId="6" aveLongTermSlipRate="0.0" slipRateStdDev="0.0" aveDip="16.27630043029785" aveRake="0.0" aveUpperDepth="37.35528564453125" aveLowerDepth="40.157981872558594" aseismicSlipFactor="0.0" couplingCoeff="1.0" dipDirection="327.2759" parentSectionName="ParentSection 100" parentSectionId="100" connector="false" class="org.opensha.refFaultParamDb.vo.FaultSectionPrefData">
      <FaultTrace name="SubductionTile_5_9">
        <Location Latitude="-42.897483825683594" Longitude="172.242431640625" Depth="37.35528564453125"/>
        <Location Latitude="-42.94599151611328" Longitude="172.1392059326172" Depth="37.35528564453125"/>
      </FaultTrace>
    </i6>
    <i7 sectionId="7" aveLongTermSlipRate="0.0" slipRateStdDev="0.0" aveDip="20.644880294799805" aveRake="0.0" aveUpperDepth="39.88465881347656" aveLowerDepth="43.41040802001953" aseismicSlipFactor="0.0" couplingCoeff="1.0" dipDirection="330.85367" parentSectionName="ParentSection 100" parentSectionId="100" connector="false" class="org.opensha.refFaultParamDb.vo.FaultSectionPrefData">
      <FaultTrace name="SubductionTile_5_10">
        <Location Latitude="-42.84325408935547" Longitude="172.1527862548828" Depth="39.88465881347656"/>
        <Location Latitude="-42.88694000244141" Longitude="172.04574584960938" Depth="39.88465881347656"/>
      </FaultTrace>
    </i7>
    <i8 sectionId="8" aveLongTermSlipRate="0.0" slipRateStdDev="0.0" aveDip="26.76457977294922" aveRake="0.0" aveUpperDepth="43.18726348876953" aveLowerDepth="47.69051742553711" aseismicSlipFactor="0.0" couplingCoeff="1.0" dipDirection="329.5508" parentSectionName="ParentSection 100" parentSectionId="100" connector="false" class="org.opensha.refFaultParamDb.vo.FaultSectionPrefData">
      <FaultTrace name="SubductionTile_5_11">
        <Location Latitude="-42.78509521484375" Longitude="172.0673828125" Depth="43.18726348876953"/>
        <Location Latitude="-42.83055496215821" Longitude="171.96182250976562" Depth="43.18726348876953"/>
      </FaultTrace>
    </i8>
  </FaultSectionPrefDataList>
</OpenSHA>
