<?xml version="1.0" encoding="UTF-8"?>

<OpenSHA>
  <InversionFaultSystemRupSet>
    <LogicTreeBranch>
      <Nodes>
        <Node className="FaultModels" enumName="FM3_1" longName="Fault Model 3.1" shortName="FM3_1"/>
        <Node className="DeformationModels" enumName="GEOLOGIC" longName="Geologic" shortName="GEOL"/>
        <Node className="ScalingRelationships" enumName="SHAW_2009_MOD" longName="Shaw (2009) Modified" shortName="Shaw09Mod"/>
        <Node className="SlipAlongRuptureModels" enumName="TAPERED" longName="Tapered Ends" shortName="Tap"/>
        <Node className="InversionModels" enumName="CHAR_CONSTRAINED" longName="Characteristic (Constrained)" shortName="CharConst"/>
        <Node className="TotalMag5Rate" enumName="RATE_7p9" longName="7.9" shortName="7.9"/>
        <Node className="MaxMagOffFault" enumName="MAG_7p6" longName="7.6" shortName="7.6"/>
        <Node className="MomentRateFixes" enumName="NONE" longName="No Moment Rate Fixes" shortName="NoFix"/>
        <Node className="SpatialSeisPDF" enumName="UCERF3" longName="UCERF3" shortName="U3"/>
      </Nodes>
    </LogicTreeBranch>
    <LaughTestFilter maxJumpDist="5.0" maxAzimuthChange="1.7976931348623157E308" maxTotAzimuthChange="60.0" maxCmlJumpDist="Infinity" maxCmlRakeChange="180.0" maxCmlAzimuthChange="1.7976931348623157E308" minNumSectInRup="6" allowSingleSectDuringJumps="true" applyGarlockPintoMtnFix="true"/>
  </InversionFaultSystemRupSet>
</OpenSHA>
