<?xml version="1.0" encoding="UTF-8"?>

<OpenSHA>
  <FaultSectionPrefDataList defModName="GEOLOGIC" faultModName="FM3_1">
    <i0 sectionId="0" sectionName="Galpin, Subsection 0" aveLongTermSlipRate="0.0" slipRateStdDev="0.0" aveDip="70.0" aveRake="90.0" aveUpperDepth="0.0" aveLowerDepth="15.0" aseismicSlipFactor="0.0" couplingCoeff="1.0" dipDirection="294.0" parentSectionName="Galpin" parentSectionId="16" connector="false" class="org.opensha.refFaultParamDb.vo.FaultSectionPrefData">
      <FaultTrace name="Galpin 1">
        <Location Latitude="-39.9333" Longitude="175.417" Depth="0.0"/>
        <Location Latitude="-39.96580131568858" Longitude="175.3995083192821" Depth="0.0"/>
      </FaultTrace>
    </i0>
    <i1 sectionId="1" sectionName="Galpin, Subsection 1" aveLongTermSlipRate="0.0" slipRateStdDev="0.0" aveDip="70.0" aveRake="90.0" aveUpperDepth="0.0" aveLowerDepth="15.0" aseismicSlipFactor="0.0" couplingCoeff="1.0" dipDirection="294.0" parentSectionName="Galpin" parentSectionId="16" connector="false" class="org.opensha.refFaultParamDb.vo.FaultSectionPrefData">
      <FaultTrace name="Galpin 2">
        <Location Latitude="-39.96580131568858" Longitude="175.3995083192821" Depth="0.0"/>
        <Location Latitude="-39.9983" Longitude="175.382" Depth="0.0"/>
      </FaultTrace>
    </i1>
    <i2 sectionId="2" sectionName="Wellington Hutt Valley 1, Subsection 0" aveLongTermSlipRate="7.0" slipRateStdDev="0.0" aveDip="70.0" aveRake="45.0" aveUpperDepth="0.0" aveLowerDepth="10.1" aseismicSlipFactor="0.0" couplingCoeff="1.0" dipDirection="329.9" parentSectionName="Wellington Hutt Valley 1" parentSectionId="89" connector="false" class="org.opensha.refFaultParamDb.vo.FaultSectionPrefData">
      <FaultTrace name="Wellington Hutt Valley 1 1">
        <Location Latitude="-41.4204" Longitude="174.6387" Depth="0.0"/>
        <Location Latitude="-41.43861387575328" Longitude="174.59868912504814" Depth="0.0"/>
      </FaultTrace>
    </i2>
    <i3 sectionId="3" sectionName="Wellington Hutt Valley 1, Subsection 1" aveLongTermSlipRate="7.0" slipRateStdDev="0.0" aveDip="70.0" aveRake="45.0" aveUpperDepth="0.0" aveLowerDepth="10.1" aseismicSlipFactor="0.0" couplingCoeff="1.0" dipDirection="329.9" parentSectionName="Wellington Hutt Valley 1" parentSectionId="89" connector="false" class="org.opensha.refFaultParamDb.vo.FaultSectionPrefData">
      <FaultTrace name="Wellington Hutt Valley 1 2">
        <Location Latitude="-41.43861387575328" Longitude="174.59868912504814" Depth="0.0"/>
        <Location Latitude="-41.456813881310474" Longitude="174.55865579499917" Depth="0.0"/>
      </FaultTrace>
    </i3>
    <i4 sectionId="4" sectionName="Wellington Hutt Valley 1, Subsection 2" aveLongTermSlipRate="7.0" slipRateStdDev="0.0" aveDip="70.0" aveRake="45.0" aveUpperDepth="0.0" aveLowerDepth="10.1" aseismicSlipFactor="0.0" couplingCoeff="1.0" dipDirection="329.9" parentSectionName="Wellington Hutt Valley 1" parentSectionId="89" connector="false" class="org.opensha.refFaultParamDb.vo.FaultSectionPrefData">
      <FaultTrace name="Wellington Hutt Valley 1 3">
        <Location Latitude="-41.456813881310474" Longitude="174.55865579499917" Depth="0.0"/>
        <Location Latitude="-41.475" Longitude="174.5186" Depth="0.0"/>
      </FaultTrace>
    </i4>
    <i5 sectionId="5" sectionName="Wellington Hutt Valley 2, Subsection 0" aveLongTermSlipRate="7.0" slipRateStdDev="0.0" aveDip="80.0" aveRake="335.0" aveUpperDepth="0.0" aveLowerDepth="10.1" aseismicSlipFactor="0.0" couplingCoeff="1.0" dipDirection="301.9" parentSectionName="Wellington Hutt Valley 2" parentSectionId="90" connector="false" class="org.opensha.refFaultParamDb.vo.FaultSectionPrefData">
      <FaultTrace name="Wellington Hutt Valley 2 1">
        <Location Latitude="-41.3456" Longitude="174.6978" Depth="0.0"/>
        <Location Latitude="-41.38300377973608" Longitude="174.66826699524862" Depth="0.0"/>
      </FaultTrace>
    </i5>
    <i6 sectionId="6" sectionName="Wellington Hutt Valley 2, Subsection 1" aveLongTermSlipRate="7.0" slipRateStdDev="0.0" aveDip="80.0" aveRake="335.0" aveUpperDepth="0.0" aveLowerDepth="10.1" aseismicSlipFactor="0.0" couplingCoeff="1.0" dipDirection="301.9" parentSectionName="Wellington Hutt Valley 2" parentSectionId="90" connector="false" class="org.opensha.refFaultParamDb.vo.FaultSectionPrefData">
      <FaultTrace name="Wellington Hutt Valley 2 2">
        <Location Latitude="-41.38300377973608" Longitude="174.66826699524862" Depth="0.0"/>
        <Location Latitude="-41.4204" Longitude="174.6387" Depth="0.0"/>
      </FaultTrace>
    </i6>
    <i7 sectionId="7" sectionName="Wellington Hutt Valley 3, Subsection 0" aveLongTermSlipRate="7.0" slipRateStdDev="0.0" aveDip="90.0" aveRake="360.0" aveUpperDepth="0.0" aveLowerDepth="10.1" aseismicSlipFactor="0.0" couplingCoeff="1.0" dipDirection="309.7" parentSectionName="Wellington Hutt Valley 3" parentSectionId="91" connector="false" class="org.opensha.refFaultParamDb.vo.FaultSectionPrefData">
      <FaultTrace name="Wellington Hutt Valley 3 1">
        <Location Latitude="-41.2741" Longitude="174.7735" Depth="0.0"/>
        <Location Latitude="-41.2968876965291" Longitude="174.7465512361472" Depth="0.0"/>
      </FaultTrace>
    </i7>
    <i8 sectionId="8" sectionName="Wellington Hutt Valley 3, Subsection 1" aveLongTermSlipRate="7.0" slipRateStdDev="0.0" aveDip="90.0" aveRake="360.0" aveUpperDepth="0.0" aveLowerDepth="10.1" aseismicSlipFactor="0.0" couplingCoeff="1.0" dipDirection="309.7" parentSectionName="Wellington Hutt Valley 3" parentSectionId="91" connector="false" class="org.opensha.refFaultParamDb.vo.FaultSectionPrefData">
      <FaultTrace name="Wellington Hutt Valley 3 2">
        <Location Latitude="-41.2968876965291" Longitude="174.7465512361472" Depth="0.0"/>
        <Location Latitude="-41.3031" Longitude="174.7392" Depth="0.0"/>
        <Location Latitude="-41.320997439959115" Longitude="174.72177413084006" Depth="0.0"/>
      </FaultTrace>
    </i8>
    <i9 sectionId="9" sectionName="Wellington Hutt Valley 3, Subsection 2" aveLongTermSlipRate="7.0" slipRateStdDev="0.0" aveDip="90.0" aveRake="360.0" aveUpperDepth="0.0" aveLowerDepth="10.1" aseismicSlipFactor="0.0" couplingCoeff="1.0" dipDirection="309.7" parentSectionName="Wellington Hutt Valley 3" parentSectionId="91" connector="false" class="org.opensha.refFaultParamDb.vo.FaultSectionPrefData">
      <FaultTrace name="Wellington Hutt Valley 3 3">
        <Location Latitude="-41.320997439959115" Longitude="174.72177413084006" Depth="0.0"/>
        <Location Latitude="-41.34559999999999" Longitude="174.6978" Depth="0.0"/>
      </FaultTrace>
    </i9>
    <i10 sectionId="10" sectionName="Wellington Hutt Valley 4, Subsection 0" aveLongTermSlipRate="7.0" slipRateStdDev="0.0" aveDip="75.0" aveRake="15.0" aveUpperDepth="0.0" aveLowerDepth="10.1" aseismicSlipFactor="0.0" couplingCoeff="1.0" dipDirection="324.1" parentSectionName="Wellington Hutt Valley 4" parentSectionId="92" connector="false" class="org.opensha.refFaultParamDb.vo.FaultSectionPrefData">
      <FaultTrace name="Wellington Hutt Valley 4 1">
        <Location Latitude="-41.1225" Longitude="175.0371" Depth="0.0"/>
        <Location Latitude="-41.14881191675073" Longitude="174.99418174373952" Depth="0.0"/>
      </FaultTrace>
    </i10>
    <i11 sectionId="11" sectionName="Wellington Hutt Valley 4, Subsection 1" aveLongTermSlipRate="7.0" slipRateStdDev="0.0" aveDip="75.0" aveRake="15.0" aveUpperDepth="0.0" aveLowerDepth="10.1" aseismicSlipFactor="0.0" couplingCoeff="1.0" dipDirection="324.1" parentSectionName="Wellington Hutt Valley 4" parentSectionId="92" connector="false" class="org.opensha.refFaultParamDb.vo.FaultSectionPrefData">
      <FaultTrace name="Wellington Hutt Valley 4 2">
        <Location Latitude="-41.14881191675073" Longitude="174.99418174373952" Depth="0.0"/>
        <Location Latitude="-41.1751078914628" Longitude="174.95122903781908" Depth="0.0"/>
      </FaultTrace>
    </i11>
    <i12 sectionId="12" sectionName="Wellington Hutt Valley 4, Subsection 2" aveLongTermSlipRate="7.0" slipRateStdDev="0.0" aveDip="75.0" aveRake="15.0" aveUpperDepth="0.0" aveLowerDepth="10.1" aseismicSlipFactor="0.0" couplingCoeff="1.0" dipDirection="324.1" parentSectionName="Wellington Hutt Valley 4" parentSectionId="92" connector="false" class="org.opensha.refFaultParamDb.vo.FaultSectionPrefData">
      <FaultTrace name="Wellington Hutt Valley 4 3">
        <Location Latitude="-41.1751078914628" Longitude="174.95122903781908" Depth="0.0"/>
        <Location Latitude="-41.20138789655355" Longitude="174.9082418435675" Depth="0.0"/>
      </FaultTrace>
    </i12>
    <i13 sectionId="13" sectionName="Wellington Hutt Valley 4, Subsection 3" aveLongTermSlipRate="7.0" slipRateStdDev="0.0" aveDip="75.0" aveRake="15.0" aveUpperDepth="0.0" aveLowerDepth="10.1" aseismicSlipFactor="0.0" couplingCoeff="1.0" dipDirection="324.1" parentSectionName="Wellington Hutt Valley 4" parentSectionId="92" connector="false" class="org.opensha.refFaultParamDb.vo.FaultSectionPrefData">
      <FaultTrace name="Wellington Hutt Valley 4 4">
        <Location Latitude="-41.20138789655355" Longitude="174.9082418435675" Depth="0.0"/>
        <Location Latitude="-41.2262" Longitude="174.8676" Depth="0.0"/>
        <Location Latitude="-41.22744325279241" Longitude="174.865019701804" Depth="0.0"/>
      </FaultTrace>
    </i13>
    <i14 sectionId="14" sectionName="Wellington Hutt Valley 4, Subsection 4" aveLongTermSlipRate="7.0" slipRateStdDev="0.0" aveDip="75.0" aveRake="15.0" aveUpperDepth="0.0" aveLowerDepth="10.1" aseismicSlipFactor="0.0" couplingCoeff="1.0" dipDirection="324.1" parentSectionName="Wellington Hutt Valley 4" parentSectionId="92" connector="false" class="org.opensha.refFaultParamDb.vo.FaultSectionPrefData">
      <FaultTrace name="Wellington Hutt Valley 4 5">
        <Location Latitude="-41.22744325279241" Longitude="174.865019701804" Depth="0.0"/>
        <Location Latitude="-41.24991646668647" Longitude="174.8183402910488" Depth="0.0"/>
      </FaultTrace>
    </i14>
    <i15 sectionId="15" sectionName="Wellington Hutt Valley 4, Subsection 5" aveLongTermSlipRate="7.0" slipRateStdDev="0.0" aveDip="75.0" aveRake="15.0" aveUpperDepth="0.0" aveLowerDepth="10.1" aseismicSlipFactor="0.0" couplingCoeff="1.0" dipDirection="324.1" parentSectionName="Wellington Hutt Valley 4" parentSectionId="92" connector="false" class="org.opensha.refFaultParamDb.vo.FaultSectionPrefData">
      <FaultTrace name="Wellington Hutt Valley 4 6">
        <Location Latitude="-41.24991646668647" Longitude="174.8183402910488" Depth="0.0"/>
        <Location Latitude="-41.2671" Longitude="174.7826" Depth="0.0"/>
        <Location Latitude="-41.27409999999998" Longitude="174.77350000000004" Depth="0.0"/>
      </FaultTrace>
    </i15>
    <i16 sectionId="16" sectionName="Wellington Hutt Valley 5, Subsection 0" aveLongTermSlipRate="6.3" slipRateStdDev="0.0" aveDip="65.0" aveRake="30.0" aveUpperDepth="0.0" aveLowerDepth="10.1" aseismicSlipFactor="0.0" couplingCoeff="1.0" dipDirection="337.4" parentSectionName="Wellington Hutt Valley 5" parentSectionId="93" connector="false" class="org.opensha.refFaultParamDb.vo.FaultSectionPrefData">
      <FaultTrace name="Wellington Hutt Valley 5 1">
        <Location Latitude="-41.0704" Longitude="175.19230000000002" Depth="0.0"/>
        <Location Latitude="-41.087789771441386" Longitude="175.14062733805522" Depth="0.0"/>
      </FaultTrace>
    </i16>
    <i17 sectionId="17" sectionName="Wellington Hutt Valley 5, Subsection 1" aveLongTermSlipRate="6.3" slipRateStdDev="0.0" aveDip="65.0" aveRake="30.0" aveUpperDepth="0.0" aveLowerDepth="10.1" aseismicSlipFactor="0.0" couplingCoeff="1.0" dipDirection="337.4" parentSectionName="Wellington Hutt Valley 5" parentSectionId="93" connector="false" class="org.opensha.refFaultParamDb.vo.FaultSectionPrefData">
      <FaultTrace name="Wellington Hutt Valley 5 2">
        <Location Latitude="-41.087789771441386" Longitude="175.14062733805522" Depth="0.0"/>
        <Location Latitude="-41.105156446894526" Longitude="175.08892733632376" Depth="0.0"/>
      </FaultTrace>
    </i17>
    <i18 sectionId="18" sectionName="Wellington Hutt Valley 5, Subsection 2" aveLongTermSlipRate="6.3" slipRateStdDev="0.0" aveDip="65.0" aveRake="30.0" aveUpperDepth="0.0" aveLowerDepth="10.1" aseismicSlipFactor="0.0" couplingCoeff="1.0" dipDirection="337.4" parentSectionName="Wellington Hutt Valley 5" parentSectionId="93" connector="false" class="org.opensha.refFaultParamDb.vo.FaultSectionPrefData">
      <FaultTrace name="Wellington Hutt Valley 5 3">
        <Location Latitude="-41.105156446894526" Longitude="175.08892733632376" Depth="0.0"/>
        <Location Latitude="-41.1225" Longitude="175.0372" Depth="0.0"/>
      </FaultTrace>
    </i18>
  </FaultSectionPrefDataList>
</OpenSHA>
