<?xml version="1.0" encoding="UTF-8"?>

<OpenSHA>
  <FaultSectionPrefDataList defModName="GEOLOGIC" faultModName="FM3_1">
    <i0 sectionId="0" sectionName="Wairarapa - Needles 1, Subsection 0" aveLongTermSlipRate="11.0" slipRateStdDev="0.0" aveDip="70.0" aveRake="360.0" aveUpperDepth="0.0" aveLowerDepth="35.0" aseismicSlipFactor="0.0" couplingCoeff="1.0" dipDirection="159.1" parentSectionName="Wairarapa - Needles 1" parentSectionId="83" connector="false" class="org.opensha.refFaultParamDb.vo.FaultSectionPrefData">
      <FaultTrace name="Wairarapa - Needles 1 1">
        <Location Latitude="-41.6617" Longitude="174.3983" Depth="0.0"/>
        <Location Latitude="-41.637128712245165" Longitude="174.4797310698409" Depth="0.0"/>
      </FaultTrace>
    </i0>
    <i1 sectionId="1" sectionName="Wairarapa - Needles 1, Subsection 1" aveLongTermSlipRate="11.0" slipRateStdDev="0.0" aveDip="70.0" aveRake="360.0" aveUpperDepth="0.0" aveLowerDepth="35.0" aseismicSlipFactor="0.0" couplingCoeff="1.0" dipDirection="159.1" parentSectionName="Wairarapa - Needles 1" parentSectionId="83" connector="false" class="org.opensha.refFaultParamDb.vo.FaultSectionPrefData">
      <FaultTrace name="Wairarapa - Needles 1 2">
        <Location Latitude="-41.637128712245165" Longitude="174.4797310698409" Depth="0.0"/>
        <Location Latitude="-41.6125" Longitude="174.5611" Depth="0.0"/>
      </FaultTrace>
    </i1>
    <i2 sectionId="2" sectionName="Wairarapa - Needles 2, Subsection 0" aveLongTermSlipRate="11.0" slipRateStdDev="0.0" aveDip="70.0" aveRake="360.0" aveUpperDepth="0.0" aveLowerDepth="10.1" aseismicSlipFactor="0.0" couplingCoeff="1.0" dipDirection="159.1" parentSectionName="Wairarapa - Needles 2" parentSectionId="84" connector="false" class="org.opensha.refFaultParamDb.vo.FaultSectionPrefData">
      <FaultTrace name="Wairarapa - Needles 2 1">
        <Location Latitude="-41.6125" Longitude="174.5611" Depth="0.0"/>
        <Location Latitude="-41.59612533362965" Longitude="174.61519413286268" Depth="0.0"/>
      </FaultTrace>
    </i2>
    <i3 sectionId="3" sectionName="Wairarapa - Needles 2, Subsection 1" aveLongTermSlipRate="11.0" slipRateStdDev="0.0" aveDip="70.0" aveRake="360.0" aveUpperDepth="0.0" aveLowerDepth="10.1" aseismicSlipFactor="0.0" couplingCoeff="1.0" dipDirection="159.1" parentSectionName="Wairarapa - Needles 2" parentSectionId="84" connector="false" class="org.opensha.refFaultParamDb.vo.FaultSectionPrefData">
      <FaultTrace name="Wairarapa - Needles 2 2">
        <Location Latitude="-41.59612533362965" Longitude="174.61519413286268" Depth="0.0"/>
        <Location Latitude="-41.57972532447237" Longitude="174.66926080373986" Depth="0.0"/>
      </FaultTrace>
    </i3>
    <i4 sectionId="4" sectionName="Wairarapa - Needles 2, Subsection 2" aveLongTermSlipRate="11.0" slipRateStdDev="0.0" aveDip="70.0" aveRake="360.0" aveUpperDepth="0.0" aveLowerDepth="10.1" aseismicSlipFactor="0.0" couplingCoeff="1.0" dipDirection="159.1" parentSectionName="Wairarapa - Needles 2" parentSectionId="84" connector="false" class="org.opensha.refFaultParamDb.vo.FaultSectionPrefData">
      <FaultTrace name="Wairarapa - Needles 2 3">
        <Location Latitude="-41.57972532447237" Longitude="174.66926080373986" Depth="0.0"/>
        <Location Latitude="-41.5633" Longitude="174.7233" Depth="0.0"/>
      </FaultTrace>
    </i4>
    <i5 sectionId="5" sectionName="Wairarapa 1, Subsection 0" aveLongTermSlipRate="11.0" slipRateStdDev="0.0" aveDip="70.0" aveRake="360.0" aveUpperDepth="0.0" aveLowerDepth="10.1" aseismicSlipFactor="0.0" couplingCoeff="1.0" dipDirection="315.4" parentSectionName="Wairarapa 1" parentSectionId="85" connector="false" class="org.opensha.refFaultParamDb.vo.FaultSectionPrefData">
      <FaultTrace name="Wairarapa 1 1">
        <Location Latitude="-41.3101" Longitude="175.0501" Depth="0.0"/>
        <Location Latitude="-41.341800468891265" Longitude="175.00938921166676" Depth="0.0"/>
      </FaultTrace>
    </i5>
    <i6 sectionId="6" sectionName="Wairarapa 1, Subsection 1" aveLongTermSlipRate="11.0" slipRateStdDev="0.0" aveDip="70.0" aveRake="360.0" aveUpperDepth="0.0" aveLowerDepth="10.1" aseismicSlipFactor="0.0" couplingCoeff="1.0" dipDirection="315.4" parentSectionName="Wairarapa 1" parentSectionId="85" connector="false" class="org.opensha.refFaultParamDb.vo.FaultSectionPrefData">
      <FaultTrace name="Wairarapa 1 2">
        <Location Latitude="-41.341800468891265" Longitude="175.00938921166676" Depth="0.0"/>
        <Location Latitude="-41.37348657830431" Longitude="174.96863877846977" Depth="0.0"/>
      </FaultTrace>
    </i6>
    <i7 sectionId="7" sectionName="Wairarapa 1, Subsection 2" aveLongTermSlipRate="11.0" slipRateStdDev="0.0" aveDip="70.0" aveRake="360.0" aveUpperDepth="0.0" aveLowerDepth="10.1" aseismicSlipFactor="0.0" couplingCoeff="1.0" dipDirection="315.4" parentSectionName="Wairarapa 1" parentSectionId="85" connector="false" class="org.opensha.refFaultParamDb.vo.FaultSectionPrefData">
      <FaultTrace name="Wairarapa 1 3">
        <Location Latitude="-41.37348657830431" Longitude="174.96863877846977" Depth="0.0"/>
        <Location Latitude="-41.40515829821487" Longitude="174.92784863553396" Depth="0.0"/>
      </FaultTrace>
    </i7>
    <i8 sectionId="8" sectionName="Wairarapa 1, Subsection 3" aveLongTermSlipRate="11.0" slipRateStdDev="0.0" aveDip="70.0" aveRake="360.0" aveUpperDepth="0.0" aveLowerDepth="10.1" aseismicSlipFactor="0.0" couplingCoeff="1.0" dipDirection="315.4" parentSectionName="Wairarapa 1" parentSectionId="85" connector="false" class="org.opensha.refFaultParamDb.vo.FaultSectionPrefData">
      <FaultTrace name="Wairarapa 1 4">
        <Location Latitude="-41.40515829821487" Longitude="174.92784863553396" Depth="0.0"/>
        <Location Latitude="-41.43681559853618" Longitude="174.8870187179249" Depth="0.0"/>
      </FaultTrace>
    </i8>
    <i9 sectionId="9" sectionName="Wairarapa 1, Subsection 4" aveLongTermSlipRate="11.0" slipRateStdDev="0.0" aveDip="70.0" aveRake="360.0" aveUpperDepth="0.0" aveLowerDepth="10.1" aseismicSlipFactor="0.0" couplingCoeff="1.0" dipDirection="315.4" parentSectionName="Wairarapa 1" parentSectionId="85" connector="false" class="org.opensha.refFaultParamDb.vo.FaultSectionPrefData">
      <FaultTrace name="Wairarapa 1 5">
        <Location Latitude="-41.43681559853618" Longitude="174.8870187179249" Depth="0.0"/>
        <Location Latitude="-41.468458449118884" Longitude="174.84614896064895" Depth="0.0"/>
      </FaultTrace>
    </i9>
    <i10 sectionId="10" sectionName="Wairarapa 1, Subsection 5" aveLongTermSlipRate="11.0" slipRateStdDev="0.0" aveDip="70.0" aveRake="360.0" aveUpperDepth="0.0" aveLowerDepth="10.1" aseismicSlipFactor="0.0" couplingCoeff="1.0" dipDirection="315.4" parentSectionName="Wairarapa 1" parentSectionId="85" connector="false" class="org.opensha.refFaultParamDb.vo.FaultSectionPrefData">
      <FaultTrace name="Wairarapa 1 6">
        <Location Latitude="-41.468458449118884" Longitude="174.84614896064895" Depth="0.0"/>
        <Location Latitude="-41.500086819750884" Longitude="174.80523929865348" Depth="0.0"/>
      </FaultTrace>
    </i10>
    <i11 sectionId="11" sectionName="Wairarapa 1, Subsection 6" aveLongTermSlipRate="11.0" slipRateStdDev="0.0" aveDip="70.0" aveRake="360.0" aveUpperDepth="0.0" aveLowerDepth="10.1" aseismicSlipFactor="0.0" couplingCoeff="1.0" dipDirection="315.4" parentSectionName="Wairarapa 1" parentSectionId="85" connector="false" class="org.opensha.refFaultParamDb.vo.FaultSectionPrefData">
      <FaultTrace name="Wairarapa 1 7">
        <Location Latitude="-41.500086819750884" Longitude="174.80523929865348" Depth="0.0"/>
        <Location Latitude="-41.531700680157215" Longitude="174.76428966682712" Depth="0.0"/>
      </FaultTrace>
    </i11>
    <i12 sectionId="12" sectionName="Wairarapa 1, Subsection 7" aveLongTermSlipRate="11.0" slipRateStdDev="0.0" aveDip="70.0" aveRake="360.0" aveUpperDepth="0.0" aveLowerDepth="10.1" aseismicSlipFactor="0.0" couplingCoeff="1.0" dipDirection="315.4" parentSectionName="Wairarapa 1" parentSectionId="85" connector="false" class="org.opensha.refFaultParamDb.vo.FaultSectionPrefData">
      <FaultTrace name="Wairarapa 1 8">
        <Location Latitude="-41.531700680157215" Longitude="174.76428966682712" Depth="0.0"/>
        <Location Latitude="-41.56329999999999" Longitude="174.72330000000002" Depth="0.0"/>
      </FaultTrace>
    </i12>
    <i13 sectionId="13" sectionName="Wairarapa 2, Subsection 0" aveLongTermSlipRate="11.3" slipRateStdDev="0.0" aveDip="70.0" aveRake="340.0" aveUpperDepth="0.0" aveLowerDepth="10.1" aseismicSlipFactor="0.0" couplingCoeff="1.0" dipDirection="317.8" parentSectionName="Wairarapa 2" parentSectionId="86" connector="false" class="org.opensha.refFaultParamDb.vo.FaultSectionPrefData">
      <FaultTrace name="Wairarapa 2 1">
        <Location Latitude="-41.0298" Longitude="175.4313" Depth="0.0"/>
        <Location Latitude="-41.06068328534768" Longitude="175.38769728799892" Depth="0.0"/>
      </FaultTrace>
    </i13>
    <i14 sectionId="14" sectionName="Wairarapa 2, Subsection 1" aveLongTermSlipRate="11.3" slipRateStdDev="0.0" aveDip="70.0" aveRake="340.0" aveUpperDepth="0.0" aveLowerDepth="10.1" aseismicSlipFactor="0.0" couplingCoeff="1.0" dipDirection="317.8" parentSectionName="Wairarapa 2" parentSectionId="86" connector="false" class="org.opensha.refFaultParamDb.vo.FaultSectionPrefData">
      <FaultTrace name="Wairarapa 2 2">
        <Location Latitude="-41.06068328534768" Longitude="175.38769728799892" Depth="0.0"/>
        <Location Latitude="-41.0708" Longitude="175.3734" Depth="0.0"/>
        <Location Latitude="-41.0778" Longitude="175.3604" Depth="0.0"/>
        <Location Latitude="-41.090886777664025" Longitude="175.34345508426475" Depth="0.0"/>
      </FaultTrace>
    </i14>
    <i15 sectionId="15" sectionName="Wairarapa 2, Subsection 2" aveLongTermSlipRate="11.3" slipRateStdDev="0.0" aveDip="70.0" aveRake="340.0" aveUpperDepth="0.0" aveLowerDepth="10.1" aseismicSlipFactor="0.0" couplingCoeff="1.0" dipDirection="317.8" parentSectionName="Wairarapa 2" parentSectionId="86" connector="false" class="org.opensha.refFaultParamDb.vo.FaultSectionPrefData">
      <FaultTrace name="Wairarapa 2 3">
        <Location Latitude="-41.090886777664025" Longitude="175.34345508426475" Depth="0.0"/>
        <Location Latitude="-41.12316167378198" Longitude="175.30162252481912" Depth="0.0"/>
      </FaultTrace>
    </i15>
    <i16 sectionId="16" sectionName="Wairarapa 2, Subsection 3" aveLongTermSlipRate="11.3" slipRateStdDev="0.0" aveDip="70.0" aveRake="340.0" aveUpperDepth="0.0" aveLowerDepth="10.1" aseismicSlipFactor="0.0" couplingCoeff="1.0" dipDirection="317.8" parentSectionName="Wairarapa 2" parentSectionId="86" connector="false" class="org.opensha.refFaultParamDb.vo.FaultSectionPrefData">
      <FaultTrace name="Wairarapa 2 4">
        <Location Latitude="-41.12316167378198" Longitude="175.30162252481912" Depth="0.0"/>
        <Location Latitude="-41.155421423324995" Longitude="175.25974880813106" Depth="0.0"/>
      </FaultTrace>
    </i16>
    <i17 sectionId="17" sectionName="Wairarapa 2, Subsection 4" aveLongTermSlipRate="11.3" slipRateStdDev="0.0" aveDip="70.0" aveRake="340.0" aveUpperDepth="0.0" aveLowerDepth="10.1" aseismicSlipFactor="0.0" couplingCoeff="1.0" dipDirection="317.8" parentSectionName="Wairarapa 2" parentSectionId="86" connector="false" class="org.opensha.refFaultParamDb.vo.FaultSectionPrefData">
      <FaultTrace name="Wairarapa 2 5">
        <Location Latitude="-41.155421423324995" Longitude="175.25974880813106" Depth="0.0"/>
        <Location Latitude="-41.159" Longitude="175.2551" Depth="0.0"/>
        <Location Latitude="-41.18962122994844" Longitude="175.22068769683366" Depth="0.0"/>
      </FaultTrace>
    </i17>
    <i18 sectionId="18" sectionName="Wairarapa 2, Subsection 5" aveLongTermSlipRate="11.3" slipRateStdDev="0.0" aveDip="70.0" aveRake="340.0" aveUpperDepth="0.0" aveLowerDepth="10.1" aseismicSlipFactor="0.0" couplingCoeff="1.0" dipDirection="317.8" parentSectionName="Wairarapa 2" parentSectionId="86" connector="false" class="org.opensha.refFaultParamDb.vo.FaultSectionPrefData">
      <FaultTrace name="Wairarapa 2 6">
        <Location Latitude="-41.18962122994844" Longitude="175.22068769683366" Depth="0.0"/>
        <Location Latitude="-41.2081" Longitude="175.1999" Depth="0.0"/>
        <Location Latitude="-41.22100239039625" Longitude="175.17803736959291" Depth="0.0"/>
      </FaultTrace>
    </i18>
    <i19 sectionId="19" sectionName="Wairarapa 2, Subsection 6" aveLongTermSlipRate="11.3" slipRateStdDev="0.0" aveDip="70.0" aveRake="340.0" aveUpperDepth="0.0" aveLowerDepth="10.1" aseismicSlipFactor="0.0" couplingCoeff="1.0" dipDirection="317.8" parentSectionName="Wairarapa 2" parentSectionId="86" connector="false" class="org.opensha.refFaultParamDb.vo.FaultSectionPrefData">
      <FaultTrace name="Wairarapa 2 7">
        <Location Latitude="-41.22100239039625" Longitude="175.17803736959291" Depth="0.0"/>
        <Location Latitude="-41.24060000000001" Longitude="175.14480000000003" Depth="0.0"/>
        <Location Latitude="-41.24207863617339" Longitude="175.12715517986544" Depth="0.0"/>
      </FaultTrace>
    </i19>
    <i20 sectionId="20" sectionName="Wairarapa 2, Subsection 7" aveLongTermSlipRate="11.3" slipRateStdDev="0.0" aveDip="70.0" aveRake="340.0" aveUpperDepth="0.0" aveLowerDepth="10.1" aseismicSlipFactor="0.0" couplingCoeff="1.0" dipDirection="317.8" parentSectionName="Wairarapa 2" parentSectionId="86" connector="false" class="org.opensha.refFaultParamDb.vo.FaultSectionPrefData">
      <FaultTrace name="Wairarapa 2 8">
        <Location Latitude="-41.24207863617339" Longitude="175.12715517986544" Depth="0.0"/>
        <Location Latitude="-41.2421" Longitude="175.1269" Depth="0.0"/>
        <Location Latitude="-41.2709" Longitude="175.0837" Depth="0.0"/>
        <Location Latitude="-41.2721723591509" Longitude="175.0826101715798" Depth="0.0"/>
      </FaultTrace>
    </i20>
    <i21 sectionId="21" sectionName="Wairarapa 2, Subsection 8" aveLongTermSlipRate="11.3" slipRateStdDev="0.0" aveDip="70.0" aveRake="340.0" aveUpperDepth="0.0" aveLowerDepth="10.1" aseismicSlipFactor="0.0" couplingCoeff="1.0" dipDirection="317.8" parentSectionName="Wairarapa 2" parentSectionId="86" connector="false" class="org.opensha.refFaultParamDb.vo.FaultSectionPrefData">
      <FaultTrace name="Wairarapa 2 9">
        <Location Latitude="-41.2721723591509" Longitude="175.0826101715798" Depth="0.0"/>
        <Location Latitude="-41.3101" Longitude="175.0501" Depth="0.0"/>
      </FaultTrace>
    </i21>
    <i22 sectionId="22" sectionName="Wairarapa 3, Subsection 0" aveLongTermSlipRate="6.0" slipRateStdDev="0.0" aveDip="70.0" aveRake="345.0" aveUpperDepth="0.0" aveLowerDepth="10.1" aseismicSlipFactor="0.0" couplingCoeff="1.0" dipDirection="310.0" parentSectionName="Wairarapa 3" parentSectionId="87" connector="false" class="org.opensha.refFaultParamDb.vo.FaultSectionPrefData">
      <FaultTrace name="Wairarapa 3 1">
        <Location Latitude="-40.7672" Longitude="175.7053" Depth="0.0"/>
        <Location Latitude="-40.808558005947695" Longitude="175.6732490409428" Depth="0.0"/>
      </FaultTrace>
    </i22>
    <i23 sectionId="23" sectionName="Wairarapa 3, Subsection 1" aveLongTermSlipRate="6.0" slipRateStdDev="0.0" aveDip="70.0" aveRake="345.0" aveUpperDepth="0.0" aveLowerDepth="10.1" aseismicSlipFactor="0.0" couplingCoeff="1.0" dipDirection="310.0" parentSectionName="Wairarapa 3" parentSectionId="87" connector="false" class="org.opensha.refFaultParamDb.vo.FaultSectionPrefData">
      <FaultTrace name="Wairarapa 3 2">
        <Location Latitude="-40.808558005947695" Longitude="175.6732490409428" Depth="0.0"/>
        <Location Latitude="-40.8112" Longitude="175.6712" Depth="0.0"/>
        <Location Latitude="-40.846318877728905" Longitude="175.63425207886357" Depth="0.0"/>
      </FaultTrace>
    </i23>
    <i24 sectionId="24" sectionName="Wairarapa 3, Subsection 2" aveLongTermSlipRate="6.0" slipRateStdDev="0.0" aveDip="70.0" aveRake="345.0" aveUpperDepth="0.0" aveLowerDepth="10.1" aseismicSlipFactor="0.0" couplingCoeff="1.0" dipDirection="310.0" parentSectionName="Wairarapa 3" parentSectionId="87" connector="false" class="org.opensha.refFaultParamDb.vo.FaultSectionPrefData">
      <FaultTrace name="Wairarapa 3 3">
        <Location Latitude="-40.846318877728905" Longitude="175.63425207886357" Depth="0.0"/>
        <Location Latitude="-40.8831" Longitude="175.5955" Depth="0.0"/>
        <Location Latitude="-40.883814381490865" Longitude="175.5947275126847" Depth="0.0"/>
      </FaultTrace>
    </i24>
    <i25 sectionId="25" sectionName="Wairarapa 3, Subsection 3" aveLongTermSlipRate="6.0" slipRateStdDev="0.0" aveDip="70.0" aveRake="345.0" aveUpperDepth="0.0" aveLowerDepth="10.1" aseismicSlipFactor="0.0" couplingCoeff="1.0" dipDirection="310.0" parentSectionName="Wairarapa 3" parentSectionId="87" connector="false" class="org.opensha.refFaultParamDb.vo.FaultSectionPrefData">
      <FaultTrace name="Wairarapa 3 4">
        <Location Latitude="-40.883814381490865" Longitude="175.5947275126847" Depth="0.0"/>
        <Location Latitude="-40.9209315734798" Longitude="175.5545606667762" Depth="0.0"/>
      </FaultTrace>
    </i25>
    <i26 sectionId="26" sectionName="Wairarapa 3, Subsection 4" aveLongTermSlipRate="6.0" slipRateStdDev="0.0" aveDip="70.0" aveRake="345.0" aveUpperDepth="0.0" aveLowerDepth="10.1" aseismicSlipFactor="0.0" couplingCoeff="1.0" dipDirection="310.0" parentSectionName="Wairarapa 3" parentSectionId="87" connector="false" class="org.opensha.refFaultParamDb.vo.FaultSectionPrefData">
      <FaultTrace name="Wairarapa 3 5">
        <Location Latitude="-40.9209315734798" Longitude="175.5545606667762" Depth="0.0"/>
        <Location Latitude="-40.958034812932105" Longitude="175.51434869091392" Depth="0.0"/>
      </FaultTrace>
    </i26>
    <i27 sectionId="27" sectionName="Wairarapa 3, Subsection 5" aveLongTermSlipRate="6.0" slipRateStdDev="0.0" aveDip="70.0" aveRake="345.0" aveUpperDepth="0.0" aveLowerDepth="10.1" aseismicSlipFactor="0.0" couplingCoeff="1.0" dipDirection="310.0" parentSectionName="Wairarapa 3" parentSectionId="87" connector="false" class="org.opensha.refFaultParamDb.vo.FaultSectionPrefData">
      <FaultTrace name="Wairarapa 3 6">
        <Location Latitude="-40.958034812932105" Longitude="175.51434869091392" Depth="0.0"/>
        <Location Latitude="-40.9708" Longitude="175.5005" Depth="0.0"/>
        <Location Latitude="-40.99738440681218" Longitude="175.4782400353298" Depth="0.0"/>
      </FaultTrace>
    </i27>
    <i28 sectionId="28" sectionName="Wairarapa 3, Subsection 6" aveLongTermSlipRate="6.0" slipRateStdDev="0.0" aveDip="70.0" aveRake="345.0" aveUpperDepth="0.0" aveLowerDepth="10.1" aseismicSlipFactor="0.0" couplingCoeff="1.0" dipDirection="310.0" parentSectionName="Wairarapa 3" parentSectionId="87" connector="false" class="org.opensha.refFaultParamDb.vo.FaultSectionPrefData">
      <FaultTrace name="Wairarapa 3 7">
        <Location Latitude="-40.99738440681218" Longitude="175.4782400353298" Depth="0.0"/>
        <Location Latitude="-41.0034" Longitude="175.4732" Depth="0.0"/>
        <Location Latitude="-41.029699999999984" Longitude="175.43180000000004" Depth="0.0"/>
      </FaultTrace>
    </i28>
    <i29 sectionId="29" sectionName="Wellington Hutt Valley 1, Subsection 0" aveLongTermSlipRate="7.0" slipRateStdDev="0.0" aveDip="70.0" aveRake="45.0" aveUpperDepth="0.0" aveLowerDepth="10.1" aseismicSlipFactor="0.0" couplingCoeff="1.0" dipDirection="329.9" parentSectionName="Wellington Hutt Valley 1" parentSectionId="89" connector="false" class="org.opensha.refFaultParamDb.vo.FaultSectionPrefData">
      <FaultTrace name="Wellington Hutt Valley 1 1">
        <Location Latitude="-41.4204" Longitude="174.6387" Depth="0.0"/>
        <Location Latitude="-41.43861387575328" Longitude="174.59868912504814" Depth="0.0"/>
      </FaultTrace>
    </i29>
    <i30 sectionId="30" sectionName="Wellington Hutt Valley 1, Subsection 1" aveLongTermSlipRate="7.0" slipRateStdDev="0.0" aveDip="70.0" aveRake="45.0" aveUpperDepth="0.0" aveLowerDepth="10.1" aseismicSlipFactor="0.0" couplingCoeff="1.0" dipDirection="329.9" parentSectionName="Wellington Hutt Valley 1" parentSectionId="89" connector="false" class="org.opensha.refFaultParamDb.vo.FaultSectionPrefData">
      <FaultTrace name="Wellington Hutt Valley 1 2">
        <Location Latitude="-41.43861387575328" Longitude="174.59868912504814" Depth="0.0"/>
        <Location Latitude="-41.456813881310474" Longitude="174.55865579499917" Depth="0.0"/>
      </FaultTrace>
    </i30>
    <i31 sectionId="31" sectionName="Wellington Hutt Valley 1, Subsection 2" aveLongTermSlipRate="7.0" slipRateStdDev="0.0" aveDip="70.0" aveRake="45.0" aveUpperDepth="0.0" aveLowerDepth="10.1" aseismicSlipFactor="0.0" couplingCoeff="1.0" dipDirection="329.9" parentSectionName="Wellington Hutt Valley 1" parentSectionId="89" connector="false" class="org.opensha.refFaultParamDb.vo.FaultSectionPrefData">
      <FaultTrace name="Wellington Hutt Valley 1 3">
        <Location Latitude="-41.456813881310474" Longitude="174.55865579499917" Depth="0.0"/>
        <Location Latitude="-41.475" Longitude="174.5186" Depth="0.0"/>
      </FaultTrace>
    </i31>
    <i32 sectionId="32" sectionName="Wellington Hutt Valley 2, Subsection 0" aveLongTermSlipRate="7.0" slipRateStdDev="0.0" aveDip="80.0" aveRake="335.0" aveUpperDepth="0.0" aveLowerDepth="10.1" aseismicSlipFactor="0.0" couplingCoeff="1.0" dipDirection="301.9" parentSectionName="Wellington Hutt Valley 2" parentSectionId="90" connector="false" class="org.opensha.refFaultParamDb.vo.FaultSectionPrefData">
      <FaultTrace name="Wellington Hutt Valley 2 1">
        <Location Latitude="-41.3456" Longitude="174.6978" Depth="0.0"/>
        <Location Latitude="-41.38300377973608" Longitude="174.66826699524862" Depth="0.0"/>
      </FaultTrace>
    </i32>
    <i33 sectionId="33" sectionName="Wellington Hutt Valley 2, Subsection 1" aveLongTermSlipRate="7.0" slipRateStdDev="0.0" aveDip="80.0" aveRake="335.0" aveUpperDepth="0.0" aveLowerDepth="10.1" aseismicSlipFactor="0.0" couplingCoeff="1.0" dipDirection="301.9" parentSectionName="Wellington Hutt Valley 2" parentSectionId="90" connector="false" class="org.opensha.refFaultParamDb.vo.FaultSectionPrefData">
      <FaultTrace name="Wellington Hutt Valley 2 2">
        <Location Latitude="-41.38300377973608" Longitude="174.66826699524862" Depth="0.0"/>
        <Location Latitude="-41.4204" Longitude="174.6387" Depth="0.0"/>
      </FaultTrace>
    </i33>
    <i34 sectionId="34" sectionName="Wellington Hutt Valley 3, Subsection 0" aveLongTermSlipRate="7.0" slipRateStdDev="0.0" aveDip="90.0" aveRake="360.0" aveUpperDepth="0.0" aveLowerDepth="10.1" aseismicSlipFactor="0.0" couplingCoeff="1.0" dipDirection="309.7" parentSectionName="Wellington Hutt Valley 3" parentSectionId="91" connector="false" class="org.opensha.refFaultParamDb.vo.FaultSectionPrefData">
      <FaultTrace name="Wellington Hutt Valley 3 1">
        <Location Latitude="-41.2741" Longitude="174.7735" Depth="0.0"/>
        <Location Latitude="-41.2968876965291" Longitude="174.7465512361472" Depth="0.0"/>
      </FaultTrace>
    </i34>
    <i35 sectionId="35" sectionName="Wellington Hutt Valley 3, Subsection 1" aveLongTermSlipRate="7.0" slipRateStdDev="0.0" aveDip="90.0" aveRake="360.0" aveUpperDepth="0.0" aveLowerDepth="10.1" aseismicSlipFactor="0.0" couplingCoeff="1.0" dipDirection="309.7" parentSectionName="Wellington Hutt Valley 3" parentSectionId="91" connector="false" class="org.opensha.refFaultParamDb.vo.FaultSectionPrefData">
      <FaultTrace name="Wellington Hutt Valley 3 2">
        <Location Latitude="-41.2968876965291" Longitude="174.7465512361472" Depth="0.0"/>
        <Location Latitude="-41.3031" Longitude="174.7392" Depth="0.0"/>
        <Location Latitude="-41.320997439959115" Longitude="174.72177413084006" Depth="0.0"/>
      </FaultTrace>
    </i35>
    <i36 sectionId="36" sectionName="Wellington Hutt Valley 3, Subsection 2" aveLongTermSlipRate="7.0" slipRateStdDev="0.0" aveDip="90.0" aveRake="360.0" aveUpperDepth="0.0" aveLowerDepth="10.1" aseismicSlipFactor="0.0" couplingCoeff="1.0" dipDirection="309.7" parentSectionName="Wellington Hutt Valley 3" parentSectionId="91" connector="false" class="org.opensha.refFaultParamDb.vo.FaultSectionPrefData">
      <FaultTrace name="Wellington Hutt Valley 3 3">
        <Location Latitude="-41.320997439959115" Longitude="174.72177413084006" Depth="0.0"/>
        <Location Latitude="-41.34559999999999" Longitude="174.6978" Depth="0.0"/>
      </FaultTrace>
    </i36>
    <i37 sectionId="37" sectionName="Wellington Hutt Valley 4, Subsection 0" aveLongTermSlipRate="7.0" slipRateStdDev="0.0" aveDip="75.0" aveRake="15.0" aveUpperDepth="0.0" aveLowerDepth="10.1" aseismicSlipFactor="0.0" couplingCoeff="1.0" dipDirection="324.1" parentSectionName="Wellington Hutt Valley 4" parentSectionId="92" connector="false" class="org.opensha.refFaultParamDb.vo.FaultSectionPrefData">
      <FaultTrace name="Wellington Hutt Valley 4 1">
        <Location Latitude="-41.1225" Longitude="175.0371" Depth="0.0"/>
        <Location Latitude="-41.14881191675073" Longitude="174.99418174373952" Depth="0.0"/>
      </FaultTrace>
    </i37>
    <i38 sectionId="38" sectionName="Wellington Hutt Valley 4, Subsection 1" aveLongTermSlipRate="7.0" slipRateStdDev="0.0" aveDip="75.0" aveRake="15.0" aveUpperDepth="0.0" aveLowerDepth="10.1" aseismicSlipFactor="0.0" couplingCoeff="1.0" dipDirection="324.1" parentSectionName="Wellington Hutt Valley 4" parentSectionId="92" connector="false" class="org.opensha.refFaultParamDb.vo.FaultSectionPrefData">
      <FaultTrace name="Wellington Hutt Valley 4 2">
        <Location Latitude="-41.14881191675073" Longitude="174.99418174373952" Depth="0.0"/>
        <Location Latitude="-41.1751078914628" Longitude="174.95122903781908" Depth="0.0"/>
      </FaultTrace>
    </i38>
    <i39 sectionId="39" sectionName="Wellington Hutt Valley 4, Subsection 2" aveLongTermSlipRate="7.0" slipRateStdDev="0.0" aveDip="75.0" aveRake="15.0" aveUpperDepth="0.0" aveLowerDepth="10.1" aseismicSlipFactor="0.0" couplingCoeff="1.0" dipDirection="324.1" parentSectionName="Wellington Hutt Valley 4" parentSectionId="92" connector="false" class="org.opensha.refFaultParamDb.vo.FaultSectionPrefData">
      <FaultTrace name="Wellington Hutt Valley 4 3">
        <Location Latitude="-41.1751078914628" Longitude="174.95122903781908" Depth="0.0"/>
        <Location Latitude="-41.20138789655355" Longitude="174.9082418435675" Depth="0.0"/>
      </FaultTrace>
    </i39>
    <i40 sectionId="40" sectionName="Wellington Hutt Valley 4, Subsection 3" aveLongTermSlipRate="7.0" slipRateStdDev="0.0" aveDip="75.0" aveRake="15.0" aveUpperDepth="0.0" aveLowerDepth="10.1" aseismicSlipFactor="0.0" couplingCoeff="1.0" dipDirection="324.1" parentSectionName="Wellington Hutt Valley 4" parentSectionId="92" connector="false" class="org.opensha.refFaultParamDb.vo.FaultSectionPrefData">
      <FaultTrace name="Wellington Hutt Valley 4 4">
        <Location Latitude="-41.20138789655355" Longitude="174.9082418435675" Depth="0.0"/>
        <Location Latitude="-41.2262" Longitude="174.8676" Depth="0.0"/>
        <Location Latitude="-41.22744325279241" Longitude="174.865019701804" Depth="0.0"/>
      </FaultTrace>
    </i40>
    <i41 sectionId="41" sectionName="Wellington Hutt Valley 4, Subsection 4" aveLongTermSlipRate="7.0" slipRateStdDev="0.0" aveDip="75.0" aveRake="15.0" aveUpperDepth="0.0" aveLowerDepth="10.1" aseismicSlipFactor="0.0" couplingCoeff="1.0" dipDirection="324.1" parentSectionName="Wellington Hutt Valley 4" parentSectionId="92" connector="false" class="org.opensha.refFaultParamDb.vo.FaultSectionPrefData">
      <FaultTrace name="Wellington Hutt Valley 4 5">
        <Location Latitude="-41.22744325279241" Longitude="174.865019701804" Depth="0.0"/>
        <Location Latitude="-41.24991646668647" Longitude="174.8183402910488" Depth="0.0"/>
      </FaultTrace>
    </i41>
    <i42 sectionId="42" sectionName="Wellington Hutt Valley 4, Subsection 5" aveLongTermSlipRate="7.0" slipRateStdDev="0.0" aveDip="75.0" aveRake="15.0" aveUpperDepth="0.0" aveLowerDepth="10.1" aseismicSlipFactor="0.0" couplingCoeff="1.0" dipDirection="324.1" parentSectionName="Wellington Hutt Valley 4" parentSectionId="92" connector="false" class="org.opensha.refFaultParamDb.vo.FaultSectionPrefData">
      <FaultTrace name="Wellington Hutt Valley 4 6">
        <Location Latitude="-41.24991646668647" Longitude="174.8183402910488" Depth="0.0"/>
        <Location Latitude="-41.2671" Longitude="174.7826" Depth="0.0"/>
        <Location Latitude="-41.27409999999998" Longitude="174.77350000000004" Depth="0.0"/>
      </FaultTrace>
    </i42>
    <i43 sectionId="43" sectionName="Wellington Hutt Valley 5, Subsection 0" aveLongTermSlipRate="6.3" slipRateStdDev="0.0" aveDip="65.0" aveRake="30.0" aveUpperDepth="0.0" aveLowerDepth="10.1" aseismicSlipFactor="0.0" couplingCoeff="1.0" dipDirection="337.4" parentSectionName="Wellington Hutt Valley 5" parentSectionId="93" connector="false" class="org.opensha.refFaultParamDb.vo.FaultSectionPrefData">
      <FaultTrace name="Wellington Hutt Valley 5 1">
        <Location Latitude="-41.0704" Longitude="175.19230000000002" Depth="0.0"/>
        <Location Latitude="-41.087789771441386" Longitude="175.14062733805522" Depth="0.0"/>
      </FaultTrace>
    </i43>
    <i44 sectionId="44" sectionName="Wellington Hutt Valley 5, Subsection 1" aveLongTermSlipRate="6.3" slipRateStdDev="0.0" aveDip="65.0" aveRake="30.0" aveUpperDepth="0.0" aveLowerDepth="10.1" aseismicSlipFactor="0.0" couplingCoeff="1.0" dipDirection="337.4" parentSectionName="Wellington Hutt Valley 5" parentSectionId="93" connector="false" class="org.opensha.refFaultParamDb.vo.FaultSectionPrefData">
      <FaultTrace name="Wellington Hutt Valley 5 2">
        <Location Latitude="-41.087789771441386" Longitude="175.14062733805522" Depth="0.0"/>
        <Location Latitude="-41.105156446894526" Longitude="175.08892733632376" Depth="0.0"/>
      </FaultTrace>
    </i44>
    <i45 sectionId="45" sectionName="Wellington Hutt Valley 5, Subsection 2" aveLongTermSlipRate="6.3" slipRateStdDev="0.0" aveDip="65.0" aveRake="30.0" aveUpperDepth="0.0" aveLowerDepth="10.1" aseismicSlipFactor="0.0" couplingCoeff="1.0" dipDirection="337.4" parentSectionName="Wellington Hutt Valley 5" parentSectionId="93" connector="false" class="org.opensha.refFaultParamDb.vo.FaultSectionPrefData">
      <FaultTrace name="Wellington Hutt Valley 5 3">
        <Location Latitude="-41.105156446894526" Longitude="175.08892733632376" Depth="0.0"/>
        <Location Latitude="-41.1225" Longitude="175.0372" Depth="0.0"/>
      </FaultTrace>
    </i45>
  </FaultSectionPrefDataList>
</OpenSHA>
